mainCategory,subCategory,item,count,sourceHash
Power,Camlock,25' 4/0,6,9d062cabd69042dc6a7c7e1c804361f9fee5d8e8e9544d8d7d9cd1648e5231eb
Power,Camlock,100' 2/0,2,9d062cabd69042dc6a7c7e1c804361f9fee5d8e8e9544d8d7d9cd1648e5231eb
Power,Camlock,FFM,2,9d062cabd69042dc6a7c7e1c804361f9fee5d8e8e9544d8d7d9cd1648e5231eb
Power,Camlock,100' 4/0 Type W 480V,3,9d062cabd69042dc6a7c7e1c804361f9fee5d8e8e9544d8d7d9cd1648e5231eb
Power,Bates,50' 100A 110V Bates,2,9d062cabd69042dc6a7c7e1c804361f9fee5d8e8e9544d8d7d9cd1648e5231eb
Power,Bates,100' 60A 110V Bates,3,9d062cabd69042dc6a7c7e1c804361f9fee5d8e8e9544d8d7d9cd1648e5231eb
Lighting,Tungsten,2K Fresnel,2,9d062cabd69042dc6a7c7e1c804361f9fee5d8e8e9544d8d7d9cd1648e5231eb
Lighting,Tungsten,ETC Source 4 Leko,4,9d062cabd69042dc6a7c7e1c804361f9fee5d8e8e9544d8d7d9cd1648e5231eb
Lighting,Motorized,SolaFrame 3000,2,9d062cabd69042dc6a7c7e1c804361f9fee5d8e8e9544d8d7d9cd1648e5231eb
Lighting,Motorized,Proteus Lucius,2,9d062cabd69042dc6a7c7e1c804361f9fee5d8e8e9544d8d7d9cd1648e5231eb
Lighting,Motorized,Proteus Maximus,2,9d062cabd69042dc6a7c7e1c804361f9fee5d8e8e9544d8d7d9cd1648e5231eb
Lighting,LED,Creamsource Vortex8,9,9d062cabd69042dc6a7c7e1c804361f9fee5d8e8e9544d8d7d9cd1648e5231eb
